Episode,Score,MaxScore,AvgScore100,Epsilon,Steps,TotalReward
1,0,0,0.0000,0.995000,120,-100.0
2,0,0,0.0000,0.990025,16,-100.0
3,0,0,0.0000,0.985075,14,-100.0
4,0,0,0.0000,0.980150,24,-100.0
5,0,0,0.0000,0.975249,17,-100.0
6,0,0,0.0000,0.970373,99,-100.0
7,0,0,0.0000,0.965521,41,-100.0
8,0,0,0.0000,0.960693,22,-100.0
9,1,1,0.1111,0.955890,24,-90.0
10,1,1,0.2000,0.951110,69,-90.0
11,0,1,0.1818,0.946355,29,-100.0
12,0,1,0.1667,0.941623,32,-100.0
13,0,1,0.1538,0.936915,56,-100.0
14,1,1,0.2143,0.932230,31,-90.0
15,0,1,0.2000,0.927569,22,-100.0
16,0,1,0.1875,0.922931,14,-100.0
17,0,1,0.1765,0.918316,81,-100.0
18,0,1,0.1667,0.913725,28,-100.0
19,0,1,0.1579,0.909156,45,-100.0
20,0,1,0.1500,0.904610,126,-100.0
21,0,1,0.1429,0.900087,52,-100.0
22,0,1,0.1364,0.895587,31,-100.0
23,1,1,0.1739,0.891109,33,-90.0
24,0,1,0.1667,0.886654,45,-100.0
25,0,1,0.1600,0.882220,18,-100.0
26,0,1,0.1538,0.877809,42,-100.0
27,0,1,0.1481,0.873420,37,-100.0
28,0,1,0.1429,0.869053,19,-100.0
29,1,1,0.1724,0.864708,67,-90.0
30,0,1,0.1667,0.860384,22,-100.0
31,0,1,0.1613,0.856082,65,-100.0
32,0,1,0.1562,0.851802,18,-100.0
33,1,1,0.1818,0.847543,22,-90.0
34,0,1,0.1765,0.843305,155,-100.0
35,0,1,0.1714,0.839089,76,-100.0
36,1,1,0.1944,0.834893,43,-90.0
37,0,1,0.1892,0.830719,23,-100.0
38,0,1,0.1842,0.826565,79,-100.0
39,0,1,0.1795,0.822432,45,-100.0
40,0,1,0.1750,0.818320,49,-100.0
41,0,1,0.1707,0.814229,22,-100.0
42,0,1,0.1667,0.810157,52,-100.0
43,0,1,0.1628,0.806107,49,-100.0
44,0,1,0.1591,0.802076,44,-100.0
45,0,1,0.1556,0.798066,25,-100.0
46,0,1,0.1522,0.794075,23,-100.0
47,0,1,0.1489,0.790105,43,-100.0
48,0,1,0.1458,0.786154,19,-100.0
49,0,1,0.1429,0.782224,24,-100.0
50,1,1,0.1600,0.778313,93,-90.0
51,0,1,0.1569,0.774421,13,-100.0
52,0,1,0.1538,0.770549,33,-100.0
53,0,1,0.1509,0.766696,162,-100.0
54,0,1,0.1481,0.762863,104,-100.0
55,0,1,0.1455,0.759048,10,-100.0
56,0,1,0.1429,0.755253,18,-100.0
57,0,1,0.1404,0.751477,34,-100.0
58,0,1,0.1379,0.747719,12,-100.0
59,0,1,0.1356,0.743981,71,-100.0
60,0,1,0.1333,0.740261,13,-100.0
61,0,1,0.1311,0.736560,8,-100.0
62,0,1,0.1290,0.732877,15,-100.0
63,0,1,0.1270,0.729212,34,-100.0
64,0,1,0.1250,0.725566,35,-100.0
65,0,1,0.1231,0.721939,61,-100.0
66,0,1,0.1212,0.718329,8,-100.0
67,0,1,0.1194,0.714737,20,-100.0
68,0,1,0.1176,0.711164,22,-100.0
69,0,1,0.1159,0.707608,86,-100.0
70,1,1,0.1286,0.704070,70,-90.0
71,0,1,0.1268,0.700549,80,-100.0
72,0,1,0.1250,0.697047,48,-100.0
73,0,1,0.1233,0.693561,19,-100.0
74,0,1,0.1216,0.690094,43,-100.0
75,0,1,0.1200,0.686643,35,-100.0
76,1,1,0.1316,0.683210,47,-90.0
77,0,1,0.1299,0.679794,77,-100.0
78,0,1,0.1282,0.676395,11,-100.0
79,0,1,0.1266,0.673013,71,-100.0
80,0,1,0.1250,0.669648,23,-100.0
81,0,1,0.1235,0.666300,122,-100.0
82,1,1,0.1341,0.662968,85,-90.0
83,0,1,0.1325,0.659653,24,-100.0
84,0,1,0.1310,0.656355,156,-100.0
85,0,1,0.1294,0.653073,27,-100.0
86,0,1,0.1279,0.649808,46,-100.0
87,0,1,0.1264,0.646559,58,-100.0
88,0,1,0.1250,0.643326,39,-100.0
89,0,1,0.1236,0.640109,36,-100.0
90,0,1,0.1222,0.636909,36,-100.0
91,1,1,0.1319,0.633724,48,-90.0
92,0,1,0.1304,0.630556,24,-100.0
93,0,1,0.1290,0.627403,49,-100.0
94,2,2,0.1489,0.624266,79,-80.0
95,0,2,0.1474,0.621145,32,-100.0
96,2,2,0.1667,0.618039,23,-80.0
97,0,2,0.1649,0.614949,45,-100.0
98,0,2,0.1633,0.611874,25,-100.0
99,1,2,0.1717,0.608815,55,-90.0
100,0,2,0.1700,0.605770,16,-100.0
101,0,2,0.1700,0.602742,24,-100.0
102,0,2,0.1700,0.599728,11,-100.0
103,0,2,0.1700,0.596729,17,-100.0
104,0,2,0.1700,0.593746,25,-100.0
105,0,2,0.1700,0.590777,19,-100.0
106,0,2,0.1700,0.587823,22,-100.0
107,0,2,0.1700,0.584884,37,-100.0
108,1,2,0.1800,0.581959,40,-90.0
109,1,2,0.1800,0.579050,54,-90.0
110,0,2,0.1700,0.576154,29,-100.0
111,1,2,0.1800,0.573274,44,-90.0
112,1,2,0.1900,0.570407,61,-90.0
113,1,2,0.2000,0.567555,31,-90.0
114,0,2,0.1900,0.564717,11,-100.0
115,1,2,0.2000,0.561894,26,-90.0
116,0,2,0.2000,0.559084,22,-100.0
117,0,2,0.2000,0.556289,40,-100.0
118,0,2,0.2000,0.553508,129,-100.0
119,0,2,0.2000,0.550740,11,-100.0
120,0,2,0.2000,0.547986,36,-100.0
121,0,2,0.2000,0.545246,61,-100.0
122,3,3,0.2300,0.542520,103,-70.0
123,2,3,0.2400,0.539808,85,-80.0
124,0,3,0.2400,0.537108,34,-100.0
125,2,3,0.2600,0.534423,145,-80.0
126,1,3,0.2700,0.531751,43,-90.0
127,1,3,0.2800,0.529092,106,-90.0
128,1,3,0.2900,0.526447,34,-90.0
129,0,3,0.2800,0.523814,122,-100.0
130,0,3,0.2800,0.521195,81,-100.0
131,2,3,0.3000,0.518589,74,-80.0
132,1,3,0.3100,0.515996,33,-90.0
133,0,3,0.3000,0.513416,54,-100.0
134,2,3,0.3200,0.510849,114,-80.0
135,2,3,0.3400,0.508295,38,-80.0
136,0,3,0.3300,0.505754,51,-100.0
137,1,3,0.3400,0.503225,58,-90.0
138,2,3,0.3600,0.500709,75,-80.0
139,5,5,0.4100,0.498205,75,-50.0
140,1,5,0.4200,0.495714,8,-90.0
141,2,5,0.4400,0.493236,92,-80.0
142,3,5,0.4700,0.490769,83,-70.0
143,3,5,0.5000,0.488316,152,-70.0
144,4,5,0.5400,0.485874,100,-60.0
145,1,5,0.5500,0.483445,25,-90.0
146,0,5,0.5500,0.481027,26,-100.0
147,2,5,0.5700,0.478622,39,-80.0
148,0,5,0.5700,0.476229,32,-100.0
149,1,5,0.5800,0.473848,22,-90.0
150,2,5,0.5900,0.471479,101,-80.0
151,3,5,0.6200,0.469121,80,-70.0
152,3,5,0.6500,0.466776,91,-70.0
153,0,5,0.6500,0.464442,17,-100.0
154,1,5,0.6600,0.462120,25,-90.0
155,1,5,0.6700,0.459809,31,-90.0
156,2,5,0.6900,0.457510,58,-80.0
157,4,5,0.7300,0.455222,70,-60.0
158,0,5,0.7300,0.452946,20,-100.0
159,3,5,0.7600,0.450682,192,-70.0
160,0,5,0.7600,0.448428,24,-100.0
161,3,5,0.7900,0.446186,63,-70.0
162,2,5,0.8100,0.443955,27,-80.0
163,3,5,0.8400,0.441735,111,-70.0
164,1,5,0.8500,0.439527,26,-90.0
165,3,5,0.8800,0.437329,120,-70.0
166,0,5,0.8800,0.435142,22,-100.0
167,1,5,0.8900,0.432967,40,-90.0
168,3,5,0.9200,0.430802,53,-70.0
169,1,5,0.9300,0.428648,59,-90.0
170,2,5,0.9400,0.426505,104,-80.0
171,1,5,0.9500,0.424372,44,-90.0
172,1,5,0.9600,0.422250,16,-90.0
173,7,7,1.0300,0.420139,136,-30.0
174,3,7,1.0600,0.418038,37,-70.0
175,3,7,1.0900,0.415948,61,-70.0
176,4,7,1.1200,0.413868,122,-60.0
177,4,7,1.1600,0.411799,113,-60.0
178,1,7,1.1700,0.409740,55,-90.0
179,2,7,1.1900,0.407691,116,-80.0
180,4,7,1.2300,0.405653,102,-60.0
181,3,7,1.2600,0.403625,44,-70.0
182,4,7,1.2900,0.401606,100,-60.0
183,2,7,1.3100,0.399598,41,-80.0
184,4,7,1.3500,0.397600,118,-60.0
185,3,7,1.3800,0.395612,48,-70.0
186,0,7,1.3800,0.393634,16,-100.0
187,2,7,1.4000,0.391666,39,-80.0
188,5,7,1.4500,0.389708,91,-50.0
189,0,7,1.4500,0.387759,24,-100.0
190,3,7,1.4800,0.385821,49,-70.0
191,2,7,1.4900,0.383891,54,-80.0
192,1,7,1.5000,0.381972,27,-90.0
193,0,7,1.5000,0.380062,20,-100.0
194,4,7,1.5200,0.378162,93,-60.0
195,1,7,1.5300,0.376271,20,-90.0
196,5,7,1.5600,0.374390,55,-50.0
197,2,7,1.5800,0.372518,47,-80.0
198,1,7,1.5900,0.370655,16,-90.0
199,4,7,1.6200,0.368802,74,-60.0
200,1,7,1.6300,0.366958,15,-90.0
201,7,7,1.7000,0.365123,164,-30.0
202,2,7,1.7200,0.363297,54,-80.0
203,1,7,1.7300,0.361481,19,-90.0
204,6,7,1.7900,0.359674,81,-40.0
205,4,7,1.8300,0.357875,82,-60.0
206,1,7,1.8400,0.356086,28,-90.0
207,3,7,1.8700,0.354305,67,-70.0
208,3,7,1.8900,0.352534,34,-70.0
209,0,7,1.8800,0.350771,26,-100.0
210,3,7,1.9100,0.349017,41,-70.0
211,5,7,1.9500,0.347272,140,-50.0
212,5,7,1.9900,0.345536,83,-50.0
213,4,7,2.0200,0.343808,46,-60.0
214,3,7,2.0500,0.342089,58,-70.0
215,5,7,2.0900,0.340379,103,-50.0
216,3,7,2.1200,0.338677,62,-70.0
217,0,7,2.1200,0.336983,21,-100.0
218,6,7,2.1800,0.335298,98,-40.0
219,1,7,2.1900,0.333622,21,-90.0
220,5,7,2.2400,0.331954,62,-50.0
221,0,7,2.2400,0.330294,23,-100.0
222,3,7,2.2400,0.328643,61,-70.0
223,2,7,2.2400,0.326999,30,-80.0
224,3,7,2.2700,0.325364,35,-70.0
225,7,7,2.3200,0.323738,145,-30.0
226,4,7,2.3500,0.322119,112,-60.0
227,3,7,2.3700,0.320508,147,-70.0
228,3,7,2.3900,0.318906,69,-70.0
229,1,7,2.4000,0.317311,10,-90.0
230,1,7,2.4100,0.315725,17,-90.0
231,7,7,2.4600,0.314146,124,-30.0
232,4,7,2.4900,0.312575,76,-60.0
233,0,7,2.4900,0.311012,14,-100.0
234,5,7,2.5200,0.309457,119,-50.0
235,2,7,2.5200,0.307910,56,-80.0
236,3,7,2.5500,0.306371,55,-70.0
237,3,7,2.5700,0.304839,55,-70.0
238,1,7,2.5600,0.303315,25,-90.0
239,4,7,2.5500,0.301798,96,-60.0
240,3,7,2.5700,0.300289,28,-70.0
241,2,7,2.5700,0.298788,73,-80.0
242,3,7,2.5700,0.297294,58,-70.0
243,3,7,2.5700,0.295807,75,-70.0
244,5,7,2.5800,0.294328,89,-50.0
245,13,13,2.7000,0.292856,268,30.0
246,3,13,2.7300,0.291392,63,-70.0
247,3,13,2.7400,0.289935,68,-70.0
248,3,13,2.7700,0.288486,114,-70.0
249,3,13,2.7900,0.287043,37,-70.0
250,3,13,2.8000,0.285608,54,-70.0
251,4,13,2.8100,0.284180,41,-60.0
252,3,13,2.8100,0.282759,66,-70.0
253,0,13,2.8100,0.281345,16,-100.0
254,2,13,2.8200,0.279938,36,-80.0
255,3,13,2.8400,0.278539,28,-70.0
256,2,13,2.8400,0.277146,53,-80.0
257,5,13,2.8500,0.275760,60,-50.0
258,4,13,2.8900,0.274382,112,-60.0
259,5,13,2.9100,0.273010,99,-50.0
260,1,13,2.9200,0.271645,44,-90.0
261,3,13,2.9200,0.270286,39,-70.0
262,8,13,2.9800,0.268935,130,-20.0
263,4,13,2.9900,0.267590,64,-60.0
264,4,13,3.0200,0.266252,62,-60.0
265,1,13,3.0000,0.264921,23,-90.0
266,4,13,3.0400,0.263596,48,-60.0
267,6,13,3.0900,0.262278,154,-40.0
268,1,13,3.0700,0.260967,18,-90.0
269,7,13,3.1300,0.259662,122,-30.0
270,3,13,3.1400,0.258364,48,-70.0
271,0,13,3.1300,0.257072,20,-100.0
272,6,13,3.1800,0.255787,98,-40.0
273,1,13,3.1200,0.254508,30,-90.0
274,4,13,3.1300,0.253235,65,-60.0
275,5,13,3.1500,0.251969,91,-50.0
276,7,13,3.1800,0.250709,102,-30.0
277,1,13,3.1500,0.249456,23,-90.0
278,3,13,3.1700,0.248208,48,-70.0
279,4,13,3.1900,0.246967,47,-60.0
280,2,13,3.1700,0.245733,32,-80.0
281,6,13,3.2000,0.244504,117,-40.0
282,2,13,3.1800,0.243281,49,-80.0
283,3,13,3.1900,0.242065,57,-70.0
284,4,13,3.1900,0.240855,101,-60.0
285,2,13,3.1800,0.239650,71,-80.0
286,0,13,3.1800,0.238452,16,-100.0
287,10,13,3.2600,0.237260,232,0.0
288,6,13,3.2700,0.236074,86,-40.0
289,6,13,3.3300,0.234893,91,-40.0
290,4,13,3.3400,0.233719,66,-60.0
291,5,13,3.3700,0.232550,86,-50.0
292,3,13,3.3900,0.231387,37,-70.0
293,2,13,3.4100,0.230230,20,-80.0
294,8,13,3.4500,0.229079,124,-20.0
295,7,13,3.5100,0.227934,114,-30.0
296,4,13,3.5000,0.226794,56,-60.0
297,2,13,3.5000,0.225660,34,-80.0
298,2,13,3.5100,0.224532,40,-80.0
299,4,13,3.5100,0.223409,55,-60.0
300,4,13,3.5400,0.222292,69,-60.0
301,1,13,3.4800,0.221181,28,-90.0
302,2,13,3.4800,0.220075,53,-80.0
303,5,13,3.5200,0.218974,98,-50.0
304,3,13,3.4900,0.217880,45,-70.0
305,5,13,3.5000,0.216790,82,-50.0
306,4,13,3.5300,0.215706,55,-60.0
307,8,13,3.5800,0.214628,122,-20.0
308,4,13,3.5900,0.213555,43,-60.0
309,9,13,3.6800,0.212487,183,-10.0
310,10,13,3.7500,0.211424,132,0.0
311,13,13,3.8300,0.210367,159,30.0
312,0,13,3.7800,0.209315,11,-100.0
313,8,13,3.8200,0.208269,90,-20.0
314,1,13,3.8000,0.207227,20,-90.0
315,8,13,3.8300,0.206191,121,-20.0
316,7,13,3.8700,0.205160,123,-30.0
317,5,13,3.9200,0.204135,60,-50.0
318,3,13,3.8900,0.203114,43,-70.0
319,7,13,3.9500,0.202098,77,-30.0
320,0,13,3.9000,0.201088,13,-100.0
321,0,13,3.9000,0.200082,13,-100.0
322,8,13,3.9500,0.199082,102,-20.0
323,3,13,3.9600,0.198087,46,-70.0
324,14,14,4.0700,0.197096,219,40.0
325,8,14,4.0800,0.196111,96,-20.0
326,9,14,4.1300,0.195130,128,-10.0
327,16,16,4.2600,0.194154,225,60.0
328,8,16,4.3100,0.193184,112,-20.0
329,3,16,4.3300,0.192218,49,-70.0
330,3,16,4.3500,0.191257,61,-70.0
331,1,16,4.2900,0.190300,26,-90.0
332,5,16,4.3000,0.189349,88,-50.0
333,4,16,4.3400,0.188402,63,-60.0
334,0,16,4.2900,0.187460,17,-100.0
335,4,16,4.3100,0.186523,50,-60.0
336,14,16,4.4200,0.185590,134,40.0
337,3,16,4.4200,0.184662,41,-70.0
338,23,23,4.6400,0.183739,286,130.0
339,12,23,4.7200,0.182820,170,20.0
340,4,23,4.7300,0.181906,59,-60.0
341,7,23,4.7800,0.180997,151,-30.0
342,11,23,4.8600,0.180092,197,10.0
343,6,23,4.8900,0.179191,74,-40.0
344,11,23,4.9500,0.178295,126,10.0
345,5,23,4.8700,0.177404,42,-50.0
346,1,23,4.8500,0.176517,13,-90.0
347,9,23,4.9100,0.175634,117,-10.0
348,8,23,4.9600,0.174756,94,-20.0
349,10,23,5.0300,0.173882,176,0.0
350,6,23,5.0600,0.173013,94,-40.0
351,12,23,5.1400,0.172148,223,20.0
352,7,23,5.1800,0.171287,114,-30.0
353,8,23,5.2600,0.170431,104,-20.0
354,3,23,5.2700,0.169578,58,-70.0
355,3,23,5.2700,0.168731,38,-70.0
356,5,23,5.3000,0.167887,86,-50.0
357,5,23,5.3000,0.167047,85,-50.0
358,6,23,5.3200,0.166212,93,-40.0
359,1,23,5.2800,0.165381,25,-90.0
360,12,23,5.3900,0.164554,152,20.0
361,4,23,5.4000,0.163731,58,-60.0
362,1,23,5.3300,0.162913,18,-90.0
363,5,23,5.3400,0.162098,54,-50.0
364,6,23,5.3600,0.161288,59,-40.0
365,7,23,5.4200,0.160481,134,-30.0
366,6,23,5.4400,0.159679,118,-40.0
367,8,23,5.4600,0.158881,128,-20.0
368,7,23,5.5200,0.158086,113,-30.0
369,4,23,5.4900,0.157296,48,-60.0
370,7,23,5.5300,0.156509,79,-30.0
371,5,23,5.5800,0.155727,62,-50.0
372,8,23,5.6000,0.154948,157,-20.0
373,3,23,5.6200,0.154173,41,-70.0
374,5,23,5.6300,0.153402,93,-50.0
375,8,23,5.6600,0.152635,186,-20.0
376,2,23,5.6100,0.151872,23,-80.0
377,2,23,5.6200,0.151113,33,-80.0
378,6,23,5.6500,0.150357,73,-40.0
379,2,23,5.6300,0.149606,24,-80.0
380,0,23,5.6100,0.148857,33,-100.0
381,8,23,5.6300,0.148113,114,-20.0
382,2,23,5.6300,0.147373,26,-80.0
383,6,23,5.6600,0.146636,110,-40.0
384,9,23,5.7100,0.145903,149,-10.0
385,12,23,5.8100,0.145173,194,20.0
386,1,23,5.8200,0.144447,33,-90.0
387,6,23,5.7800,0.143725,124,-40.0
388,1,23,5.7300,0.143006,27,-90.0
389,11,23,5.7800,0.142291,164,10.0
390,7,23,5.8100,0.141580,102,-30.0
391,15,23,5.9100,0.140872,203,50.0
392,9,23,5.9700,0.140168,177,-10.0
393,13,23,6.0800,0.139467,175,30.0
394,5,23,6.0500,0.138769,56,-50.0
395,3,23,6.0100,0.138076,47,-70.0
396,1,23,5.9800,0.137385,12,-90.0
397,13,23,6.0900,0.136698,188,30.0
398,6,23,6.1300,0.136015,62,-40.0
399,4,23,6.1300,0.135335,104,-60.0
400,6,23,6.1500,0.134658,84,-40.0
401,6,23,6.2000,0.133985,60,-40.0
402,17,23,6.3500,0.133315,264,70.0
403,2,23,6.3200,0.132648,20,-80.0
404,0,23,6.2900,0.131985,14,-100.0
405,6,23,6.3000,0.131325,104,-40.0
406,4,23,6.3000,0.130668,61,-60.0
407,14,23,6.3600,0.130015,210,40.0
408,8,23,6.4000,0.129365,56,-20.0
409,7,23,6.3800,0.128718,141,-30.0
410,8,23,6.3600,0.128075,129,-20.0
411,18,23,6.4100,0.127434,290,80.0
412,2,23,6.4300,0.126797,57,-80.0
413,11,23,6.4600,0.126163,132,10.0
414,3,23,6.4800,0.125532,23,-70.0
415,10,23,6.5000,0.124905,101,0.0
416,16,23,6.5900,0.124280,231,60.0
417,7,23,6.6100,0.123659,107,-30.0
418,11,23,6.6900,0.123040,144,10.0
419,15,23,6.7700,0.122425,159,50.0
420,11,23,6.8800,0.121813,144,10.0
421,5,23,6.9300,0.121204,98,-50.0
422,12,23,6.9700,0.120598,162,20.0
423,18,23,7.1200,0.119995,311,80.0
424,9,23,7.0700,0.119395,105,-10.0
425,4,23,7.0300,0.118798,23,-60.0
426,4,23,6.9800,0.118204,41,-60.0
427,6,23,6.8800,0.117613,49,-40.0
428,3,23,6.8300,0.117025,40,-70.0
429,2,23,6.8200,0.116440,25,-80.0
430,4,23,6.8300,0.115858,64,-60.0
431,25,25,7.0700,0.115278,385,150.0
432,4,25,7.0600,0.114702,57,-60.0
433,14,25,7.1600,0.114128,221,40.0
434,9,25,7.2500,0.113558,153,-10.0
435,37,37,7.5800,0.112990,496,270.0
436,3,37,7.4700,0.112425,26,-70.0
437,5,37,7.4900,0.111863,79,-50.0
438,17,37,7.4300,0.111304,217,70.0
439,8,37,7.3900,0.110747,99,-20.0
440,5,37,7.4000,0.110193,70,-50.0
441,11,37,7.4400,0.109642,123,10.0
442,5,37,7.3800,0.109094,91,-50.0
443,0,37,7.3200,0.108549,11,-100.0
444,6,37,7.2700,0.108006,117,-40.0
445,13,37,7.3500,0.107466,162,30.0
446,18,37,7.5200,0.106929,264,80.0
447,10,37,7.5300,0.106394,143,0.0
448,11,37,7.5600,0.105862,148,10.0
449,18,37,7.6400,0.105333,315,80.0
450,7,37,7.6500,0.104806,134,-30.0
451,2,37,7.5500,0.104282,25,-80.0
452,13,37,7.6100,0.103761,202,30.0
453,8,37,7.6100,0.103242,112,-20.0
454,11,37,7.6900,0.102726,186,10.0
455,5,37,7.7100,0.102212,73,-50.0
456,13,37,7.7900,0.101701,202,30.0
457,11,37,7.8500,0.101192,220,10.0
458,7,37,7.8600,0.100686,115,-30.0
459,5,37,7.9000,0.100183,85,-50.0
460,17,37,7.9500,0.099682,181,70.0
461,10,37,8.0100,0.099184,143,0.0
462,11,37,8.1100,0.098688,164,10.0
463,27,37,8.3300,0.098194,358,170.0
464,2,37,8.2900,0.097703,21,-80.0
465,12,37,8.3400,0.097215,176,20.0
466,23,37,8.5100,0.096729,334,130.0
467,8,37,8.5100,0.096245,130,-20.0
468,1,37,8.4500,0.095764,21,-90.0
469,2,37,8.4300,0.095285,34,-80.0
470,7,37,8.4300,0.094809,77,-30.0
471,3,37,8.4100,0.094335,23,-70.0
472,6,37,8.3900,0.093863,62,-40.0
473,6,37,8.4200,0.093394,64,-40.0
474,18,37,8.5500,0.092927,292,80.0
475,12,37,8.5900,0.092462,174,20.0
476,6,37,8.6300,0.092000,80,-40.0
477,4,37,8.6500,0.091540,76,-60.0
478,2,37,8.6100,0.091082,17,-80.0
479,13,37,8.7200,0.090627,134,30.0
480,7,37,8.7900,0.090173,93,-30.0
481,8,37,8.7900,0.089723,102,-20.0
482,9,37,8.8600,0.089274,140,-10.0
483,4,37,8.8400,0.088828,79,-60.0
484,4,37,8.7900,0.088383,74,-60.0
485,4,37,8.7100,0.087942,58,-60.0
486,16,37,8.8600,0.087502,256,60.0
487,5,37,8.8500,0.087064,59,-50.0
488,7,37,8.9100,0.086629,71,-30.0
489,4,37,8.8400,0.086196,74,-60.0
490,4,37,8.8100,0.085765,54,-60.0
491,0,37,8.6600,0.085336,12,-100.0
492,9,37,8.6600,0.084909,149,-10.0
493,12,37,8.6500,0.084485,213,20.0
494,9,37,8.6900,0.084062,122,-10.0
495,12,37,8.7800,0.083642,178,20.0
496,3,37,8.8000,0.083224,31,-70.0
497,7,37,8.7400,0.082808,73,-30.0
498,4,37,8.7200,0.082394,79,-60.0
499,3,37,8.7100,0.081982,73,-70.0
500,12,37,8.7700,0.081572,132,20.0
501,15,15,15.0000,0.081164,245,50.0
502,11,15,13.0000,0.080758,164,10.0
503,14,15,13.3333,0.080354,162,40.0
504,22,22,15.5000,0.079953,294,120.0
505,3,22,13.0000,0.079553,54,-70.0
506,4,22,11.5000,0.079155,80,-60.0
507,15,22,12.0000,0.078759,354,50.0
508,0,22,10.5000,0.078366,50,-100.0
509,6,22,10.0000,0.077974,144,-40.0
510,9,22,9.9000,0.077584,162,-10.0
511,1,22,9.0909,0.077196,15,-90.0
512,14,22,9.5000,0.076810,228,40.0
513,1,22,8.8462,0.076426,38,-90.0
514,16,22,9.3571,0.076044,246,60.0
515,0,22,8.7333,0.075664,20,-100.0
516,4,22,8.4375,0.075285,108,-60.0
517,11,22,8.5882,0.074909,190,10.0
518,9,22,8.6111,0.074534,126,-10.0
519,1,22,8.2105,0.074162,24,-90.0
520,15,22,8.5500,0.073791,302,50.0
521,0,22,8.1429,0.073422,111,-100.0
522,23,23,8.8182,0.073055,408,130.0
523,15,23,9.0870,0.072689,317,50.0
524,3,23,8.8333,0.072326,55,-70.0
525,15,23,9.0800,0.071964,195,50.0
526,16,23,9.3462,0.071605,258,60.0
527,16,23,9.5926,0.071247,220,60.0
528,9,23,9.5714,0.070890,128,-10.0
529,3,23,9.3448,0.070536,38,-70.0
530,14,23,9.5000,0.070183,226,40.0
531,8,23,9.4516,0.069832,93,-20.0
532,16,23,9.6562,0.069483,246,60.0
533,4,23,9.4848,0.069136,124,-60.0
534,16,23,9.6765,0.068790,358,60.0
535,4,23,9.5143,0.068446,71,-60.0
536,6,23,9.4167,0.068104,89,-40.0
537,3,23,9.2432,0.067763,78,-70.0
538,8,23,9.2105,0.067424,98,-20.0
539,8,23,9.1795,0.067087,115,-20.0
540,8,23,9.1500,0.066752,172,-20.0
541,21,23,9.4390,0.066418,275,110.0
542,22,23,9.7381,0.066086,248,120.0
543,3,23,9.5814,0.065756,50,-70.0
544,7,23,9.5227,0.065427,91,-30.0
545,17,23,9.6889,0.065100,255,70.0
546,13,23,9.7609,0.064774,177,30.0
547,12,23,9.8085,0.064450,246,20.0
548,10,23,9.8125,0.064128,200,0.0
549,15,23,9.9184,0.063807,218,50.0
550,8,23,9.8800,0.063488,172,-20.0
551,18,23,10.0392,0.063171,361,80.0
552,6,23,9.9615,0.062855,131,-40.0
553,10,23,9.9623,0.062541,116,0.0
554,9,23,9.9444,0.062228,120,-10.0
555,12,23,9.9818,0.061917,136,20.0
556,16,23,10.0893,0.061607,310,60.0
557,11,23,10.1053,0.061299,152,10.0
558,27,27,10.3966,0.060993,357,170.0
559,23,27,10.6102,0.060688,347,130.0
560,5,27,10.5167,0.060384,65,-50.0
561,11,27,10.5246,0.060083,169,10.0
562,12,27,10.5484,0.059782,151,20.0
563,15,27,10.6190,0.059483,241,50.0
564,3,27,10.5000,0.059186,51,-70.0
565,4,27,10.4000,0.058890,69,-60.0
566,13,27,10.4394,0.058595,186,30.0
567,6,27,10.3731,0.058302,118,-40.0
568,2,27,10.2500,0.058011,21,-80.0
569,10,27,10.2464,0.057721,177,0.0
570,3,27,10.1429,0.057432,30,-70.0
571,9,27,10.1268,0.057145,164,-10.0
572,0,27,9.9861,0.056859,73,-100.0
573,13,27,10.0274,0.056575,240,30.0
574,5,27,9.9595,0.056292,99,-50.0
575,1,27,9.8400,0.056011,16,-90.0
576,14,27,9.8947,0.055731,234,40.0
577,10,27,9.8961,0.055452,113,0.0
578,12,27,9.9231,0.055175,177,20.0
579,12,27,9.9494,0.054899,156,20.0
580,18,27,10.0500,0.054624,229,80.0
581,20,27,10.1728,0.054351,260,100.0
582,7,27,10.1341,0.054080,111,-30.0
583,17,27,10.2169,0.053809,246,70.0
584,10,27,10.2143,0.053540,137,0.0
585,2,27,10.1176,0.053272,155,-80.0
586,9,27,10.1047,0.053006,217,-10.0
587,6,27,10.0575,0.052741,74,-40.0
588,12,27,10.0795,0.052477,159,20.0
589,8,27,10.0562,0.052215,147,-20.0
590,7,27,10.0222,0.051954,99,-30.0
591,21,27,10.1429,0.051694,316,110.0
592,20,27,10.2500,0.051436,232,100.0
593,8,27,10.2258,0.051178,107,-20.0
594,12,27,10.2447,0.050923,192,20.0
595,5,27,10.1895,0.050668,56,-50.0
596,11,27,10.1979,0.050415,127,10.0
597,24,27,10.3402,0.050163,310,140.0
598,16,27,10.3980,0.049912,216,60.0
599,11,27,10.4040,0.049662,193,10.0
600,3,27,10.3300,0.049414,30,-70.0
601,15,27,10.3300,0.049167,236,50.0
602,1,27,10.2300,0.048921,50,-90.0
603,22,27,10.3100,0.048676,408,120.0
604,23,27,10.3200,0.048433,338,130.0
605,22,27,10.5100,0.048191,322,120.0
606,10,27,10.5700,0.047950,168,0.0
607,14,27,10.5600,0.047710,207,40.0
608,13,27,10.6900,0.047472,166,30.0
609,7,27,10.7000,0.047234,104,-30.0
610,5,27,10.6600,0.046998,98,-50.0
611,11,27,10.7600,0.046763,133,10.0
612,5,27,10.6700,0.046529,57,-50.0
613,6,27,10.7200,0.046297,79,-40.0
614,19,27,10.7500,0.046065,363,90.0
615,15,27,10.9000,0.045835,211,50.0
616,18,27,11.0400,0.045606,232,80.0
617,1,27,10.9400,0.045378,20,-90.0
618,15,27,11.0000,0.045151,170,50.0
619,16,27,11.1500,0.044925,248,60.0
620,9,27,11.0900,0.044700,124,-10.0
621,8,27,11.1700,0.044477,174,-20.0
622,17,27,11.1100,0.044254,244,70.0
623,6,27,11.0200,0.044033,98,-40.0
624,16,27,11.1500,0.043813,232,60.0
625,16,27,11.1600,0.043594,234,60.0
626,15,27,11.1500,0.043376,316,50.0
627,6,27,11.0500,0.043159,49,-40.0
628,17,27,11.1300,0.042943,224,70.0
629,15,27,11.2500,0.042729,207,50.0
630,23,27,11.3400,0.042515,325,130.0
631,12,27,11.3800,0.042302,268,20.0
632,7,27,11.2900,0.042091,147,-30.0
633,14,27,11.3900,0.041880,223,40.0
634,23,27,11.4600,0.041671,390,130.0
635,8,27,11.5000,0.041463,120,-20.0
636,12,27,11.5600,0.041255,201,20.0
637,9,27,11.6200,0.041049,109,-10.0
638,21,27,11.7500,0.040844,268,110.0
639,10,27,11.7700,0.040640,163,0.0
640,22,27,11.9100,0.040436,308,120.0
641,5,27,11.7500,0.040234,87,-50.0
642,18,27,11.7100,0.040033,289,80.0
643,21,27,11.8900,0.039833,352,110.0
644,13,27,11.9500,0.039634,354,30.0
645,20,27,11.9800,0.039435,345,100.0
646,35,35,12.2000,0.039238,517,250.0
647,3,35,12.1100,0.039042,39,-70.0
648,12,35,12.1300,0.038847,181,20.0
649,4,35,12.0200,0.038653,88,-60.0
650,13,35,12.0700,0.038459,189,30.0
651,3,35,11.9200,0.038267,72,-70.0
652,14,35,12.0000,0.038076,186,40.0
653,15,35,12.0500,0.037885,253,50.0
654,28,35,12.2400,0.037696,393,180.0
655,17,35,12.2900,0.037507,237,70.0
656,17,35,12.3000,0.037320,262,70.0
657,17,35,12.3600,0.037133,271,70.0
658,18,35,12.2700,0.036948,346,80.0
659,20,35,12.2400,0.036763,263,100.0
660,5,35,12.2400,0.036579,55,-50.0
661,14,35,12.2700,0.036396,187,40.0
662,9,35,12.2400,0.036214,141,-10.0
663,6,35,12.1500,0.036033,66,-40.0
664,14,35,12.2600,0.035853,193,40.0
665,16,35,12.3800,0.035674,207,60.0
666,18,35,12.4300,0.035495,250,80.0
667,9,35,12.4600,0.035318,99,-10.0
668,21,35,12.6500,0.035141,350,110.0
669,25,35,12.8000,0.034966,443,150.0
670,17,35,12.9400,0.034791,208,70.0
671,7,35,12.9200,0.034617,87,-30.0
672,19,35,13.1100,0.034444,311,90.0
673,4,35,13.0200,0.034272,65,-60.0
674,12,35,13.0900,0.034100,189,20.0
675,23,35,13.3100,0.033930,329,130.0
676,10,35,13.2700,0.033760,92,0.0
677,4,35,13.2100,0.033591,71,-60.0
678,27,35,13.3600,0.033423,405,170.0
679,15,35,13.3900,0.033256,217,50.0
680,22,35,13.4300,0.033090,276,120.0
681,6,35,13.2900,0.032924,86,-40.0
682,7,35,13.2900,0.032760,116,-30.0
683,15,35,13.2700,0.032596,209,50.0
684,12,35,13.2900,0.032433,215,20.0
685,14,35,13.4100,0.032271,210,40.0
686,23,35,13.5500,0.032109,317,130.0
687,3,35,13.5200,0.031949,79,-70.0
688,17,35,13.5700,0.031789,213,70.0
689,16,35,13.6500,0.031630,270,60.0
690,6,35,13.6400,0.031472,104,-40.0
691,23,35,13.6600,0.031315,429,130.0
692,10,35,13.5600,0.031158,118,0.0
693,11,35,13.5900,0.031002,247,10.0
694,7,35,13.5400,0.030847,159,-30.0
695,17,35,13.6600,0.030693,229,70.0
696,10,35,13.6500,0.030540,166,0.0
697,4,35,13.4500,0.030387,61,-60.0
698,1,35,13.3000,0.030235,23,-90.0
699,20,35,13.3900,0.030084,269,100.0
700,20,35,13.5600,0.029933,345,100.0
701,18,35,13.5900,0.029784,248,80.0
702,9,35,13.6700,0.029635,117,-10.0
703,16,35,13.6100,0.029487,292,60.0
704,26,35,13.6400,0.029339,386,160.0
705,15,35,13.5700,0.029193,237,50.0
706,19,35,13.6600,0.029047,290,90.0
707,15,35,13.6700,0.028901,287,50.0
708,19,35,13.7300,0.028757,295,90.0
709,9,35,13.7500,0.028613,123,-10.0
710,2,35,13.7200,0.028470,72,-80.0
711,10,35,13.7100,0.028328,192,0.0
712,14,35,13.8000,0.028186,205,40.0
713,12,35,13.8600,0.028045,146,20.0
714,20,35,13.8700,0.027905,247,100.0
715,16,35,13.8800,0.027765,222,60.0
716,16,35,13.8600,0.027626,195,60.0
717,27,35,14.1200,0.027488,358,170.0
718,25,35,14.2200,0.027351,402,150.0
719,18,35,14.2400,0.027214,289,80.0
720,2,35,14.1700,0.027078,35,-80.0
721,22,35,14.3100,0.026943,317,120.0
722,35,35,14.4900,0.026808,598,250.0
723,7,35,14.5000,0.026674,94,-30.0
724,19,35,14.5300,0.026541,280,90.0
725,12,35,14.4900,0.026408,177,20.0
726,17,35,14.5100,0.026276,246,70.0
727,17,35,14.6200,0.026144,253,70.0
728,23,35,14.6800,0.026014,409,130.0
729,24,35,14.7700,0.025884,323,140.0
730,11,35,14.6500,0.025754,124,10.0
731,7,35,14.6000,0.025625,110,-30.0
732,6,35,14.5900,0.025497,104,-40.0
733,27,35,14.7200,0.025370,377,170.0
734,9,35,14.5800,0.025243,118,-10.0
735,0,35,14.5000,0.025117,11,-100.0
736,13,35,14.5100,0.024991,188,30.0
737,3,35,14.4500,0.024866,34,-70.0
738,15,35,14.3900,0.024742,195,50.0
739,22,35,14.5100,0.024618,296,120.0
740,23,35,14.5200,0.024495,379,130.0
741,18,35,14.6500,0.024373,222,80.0
742,13,35,14.6000,0.024251,206,30.0
743,11,35,14.5000,0.024130,149,10.0
744,2,35,14.3900,0.024009,42,-80.0
745,8,35,14.2700,0.023889,107,-20.0
746,4,35,13.9600,0.023769,65,-60.0
747,14,35,14.0700,0.023651,230,40.0
748,12,35,14.0700,0.023532,224,20.0
749,13,35,14.1600,0.023415,180,30.0
750,23,35,14.2600,0.023298,482,130.0
751,9,9,9.0000,0.023181,116,-10.0
752,23,23,16.0000,0.023065,316,130.0
753,25,25,19.0000,0.022950,425,150.0
754,10,25,16.7500,0.022835,194,0.0
755,26,26,18.6000,0.022721,398,160.0
756,17,26,18.3333,0.022607,243,70.0
757,27,27,19.5714,0.022494,449,170.0
758,11,27,18.5000,0.022382,189,10.0
759,19,27,18.5556,0.022270,325,90.0
760,17,27,18.4000,0.022159,309,70.0
761,29,29,19.3636,0.022048,549,190.0
762,17,29,19.1667,0.021938,269,70.0
763,20,29,19.2308,0.021828,396,100.0
764,6,29,18.2857,0.021719,73,-40.0
765,9,29,17.6667,0.021610,152,-10.0
766,6,29,16.9375,0.021502,127,-40.0
767,18,29,17.0000,0.021395,306,80.0
768,14,29,16.8333,0.021288,236,40.0
769,11,29,16.5263,0.021181,207,10.0
770,9,29,16.1500,0.021075,157,-10.0
771,15,29,16.0952,0.020970,182,50.0
772,3,29,15.5000,0.020865,51,-70.0
773,17,29,15.5652,0.020761,210,70.0
774,25,29,15.9583,0.020657,402,150.0
775,21,29,16.1600,0.020554,451,110.0
776,24,29,16.4615,0.020451,284,140.0
777,13,29,16.3333,0.020349,203,30.0
778,9,29,16.0714,0.020247,108,-10.0
779,19,29,16.1724,0.020146,249,90.0
780,1,29,15.6667,0.020045,12,-90.0
781,20,29,15.8065,0.019945,246,100.0
782,8,29,15.5625,0.019845,104,-20.0
783,24,29,15.8182,0.019746,318,140.0
784,11,29,15.6765,0.019647,143,10.0
785,13,29,15.6000,0.019549,169,30.0
786,32,32,16.0556,0.019451,468,220.0
787,15,32,16.0270,0.019354,220,50.0
788,26,32,16.2895,0.019257,420,160.0
789,13,32,16.2051,0.019161,167,30.0
790,26,32,16.4500,0.019065,393,160.0
791,12,32,16.3415,0.018970,174,20.0
792,27,32,16.5952,0.018875,422,170.0
793,17,32,16.6047,0.018780,232,70.0
794,6,32,16.3636,0.018686,104,-40.0
795,12,32,16.2667,0.018593,228,20.0
796,12,32,16.1739,0.018500,166,20.0
797,13,32,16.1064,0.018408,248,30.0
798,0,32,15.7708,0.018315,40,-100.0
799,23,32,15.9184,0.018224,344,130.0
800,35,35,16.2157,0.018133,545,250.0